"Chapter","Name","EventString"
"Int32","String","String"
"0","농부와의 만남","@0:#Event/5000
|당신은 길을 가던 중 자신의 작물을 팔러 떠나는 농부와 마주쳤습니다.\n농부는 자신의 농작물을 지키기 위해 동행을 요청합니다.
|동행한다.\n(<color=green>25G 획득</color> <color=red>단, 50%의 확률로 슬라임무리와 만난다.</color>)[{
PlayerData.GetMoney(25);
if(math.random(2) == 1) then
  Goto(1);
else
  Goto(2);
end}]
|그대로 지나친다.[{Clear();}]
@1:#Event/5001
|이런!, 우연히도 슬라임 무리와 마주쳤습니다.
|전투한다.[{
Field.SetEnemy(2001, Pos.Left);
Field.SetEnemy(2002, Pos.Middle);
Field.SetEnemy(2001, Pos.Right);
Game.StartBattle();
Close();}]
@2:다행히도 당신은 아무것과도 마주치지 않았습니다.
|앞으로 나아간다.[{Clear();}]"
"100","마법사의 유혹","@0:#Event/5100
|당신이 모험을 계속하던 중 마법사가 눈 앞에 나타나 제안을 합니다. ""나에게 피를 줘... 네, 네 피를 준다면 엄청난 보상을 약속하지.""(<color=red>최대 체력 - 10</color>)
|<[return Player.MaxHp > 10;]><color=green>다재다능</color>을 2개 획득한다.
(모든 스탯을 <color=red>+1</color>시켜준다.)
[{Selector:Add(1034, 2);
Player:ChangeMaxHp(-10);
Goto(2);}]
|<[return Player.MaxHp > 10;]><color=yellow>40G</color>를 획득한다.
[{PlayerData.GetMoney(40);
Player:ChangeMaxHp(-10);
Goto(2);}] 
|그대로 떠난다.[{Goto(1);}]
@1:당신은 약간의 아쉬움을 남긴채 그자리에서 빠져나왔습니다.
|닫기[{Clear();}]
@2:마녀는 만면에 환한 미소를 띈채 바람과 같이 사라졌습니다. 아플 지 몰라도 성공적인 거래였습니다.
|닫기[{Clear();}]"
"0","특급 세일","@0:#Event/5002
|""날마다 오는 기회가 아니다. 특급 세일이오!, 특급세일!"" 마을에서 술집 주인이 20G만 먼저 내면 앞으로 술을 8G에 구매할 수 있는 쿠폰을 판매하고 있습니다.
|<[return PlayerData.Money >= 15]>
그저 술 한병 구매한다.(15G)
(일회성, 적에게 4-5데미지를 입힌다.)
[{PlayerData.GetMoney(-6);
Selector:Add(1019, 1);
Goto(1);}]
|<[return PlayerData.Money >= 20]>
술집 심볼을 획득한다.(20G)
(스킬,빈칸을 찾아 8G를 소비해 술병을 생성한다.)[{PlayerData.GetMoney(-20);
Selector:Add(1037, 1);
Goto(2);}]
|그냥 지나간다.[{Goto(3);}]
@1:당신은 지나가는 길에 그저 술 한병만 챙겨 다시 모험에 오릅니다.
|닫기[{Clear();}]
@2:당신은 마앞으로도 술을 마실 당신을 위해 이번에 큰 지출을 감내하기로 마음먹었습니다.
|닫기[{Clear();}]
@3:당신은 아쉬운 마음은 뒤로한 채 지출을 줄이기로 했습니다.
|닫기[{Clear();}]
"
"100","도박장","@0:#Event/5101
|당신은 우연히 들린 마을에서 도박장을 발견했습니다.
|<[return PlayerData.Money > 10;]>가볍게 건다.(10G)[{PlayerData.GetMoney(-10); Event:SetTemp(10); Goto(2)}]
|<[return PlayerData.Money > 50;]>약간 건다.(50G)[{PlayerData.GetMoney(-50); Event:SetTemp(50); Goto(2)}]
|<[return PlayerData.Money > 100;]>크게 건다.(100G)[{PlayerData.GetMoney(-100); Event:SetTemp(100); Goto(2)}]
|돌아간다.[{Goto(1)}]
@1:당신은 아쉬운 마음을 안고 발길을 돌렸습니다.
|닫기[{Clear();}]
@2:#Event/5102|결과는 어떨까요?
|결과보기[{if(math.random(2)==1) then 
Goto(3);
else 
Goto(4);
end}]
@3:#Event/5103|꽝! 아쉽게 됬습니다. 당신은 아쉬운 마음을 안고 모험길에 오릅니다.|닫기[{Clear();}]
@4:#Event/5104|당첨! 건 돈이 2배가 되어 돌아왔습니다! 신나는 마음을 안고 모험의 일상으로 돌아옵니다.|닫기[{PlayerData.GetMoney(Event:GetTemp() * 2);Clear();}]"
"0","함정!","@0:#Event/5003|이런! 당신은 길을 가다 목수가 깔아둔 곰 덫에 걸리고 말았습니다.
|억지로 빠져 나온다.(체력 5잃습니다.)[{Field.Player:ReceiveDamage(5);Goto(1)}]
|운에 맞기고 아무렇게 건드려본다.(<color=red>65%의 확율로 체력 8을 잃습니다.</color>)[{if(math.random(3)~=1) then 
Field.Player:ReceiveDamage(8);
Goto(2);
else 
Goto(3);
end}]
@1:당신은 아픔을 참으며 덫에서 나올 수 있었습니다. |닫기[{Clear();}]
@2:#Event/5004|이런!, 당신은 잘못된 곳을 건드렸습니다. 곰덫은 더욱 강하게 조여왔고 당신은 겨우 탈출할 수 있었습니다.|닫기[{Clear();}]
@3: #Event/5005|이럴수가! 당신은 이 덫의 원리를 모르는데도 우연히 나올 수 있었습니다!|닫기[{Clear();}]"
