"SerialNumber","Name","Desc","MaxHp","Money","InitialEffects","TargetStatus","MainCategory","LevelUpString","StartItemString"
"Int32","String","String","Int32","Int32","String","Data.TargetStatus","Data.SymbolCategory","String","String"
"4001","전사","유망한 인재, 검술과 근력에 특화되어 있다.
+ 매 전투 시작 시 2G의 지원을 받습니다.","135","40","Support{2}","Strength","Sword","0
28-3-1034
2:1011
4: 1023
8:1011
10: 1034
12: 1023
15: 1034
18:1043
20: 1026
23: 1038
25: 1043","1034*2
1001*5
1003*4
1010*3
1011*1
1047*4"
"4002","마법사","어려서부터 마법을 배운 마법에 특기가 있다.","100","40","","Wisdom","Magic","0
28-3-1034
2:1002
3: 1050
5:1006
8: 1007
10: 1034
12: 1024
15: 1034
18: 1028
20: 1029
23: 1040
25: 1013","1034*2
1005*4
1014*4
1050*1
1006*1
1045*3
1028*1"
"4003","닌자","강하지는 않지만 많은 량의 표창으로 적을 상대하는 타입
+ 매 전투 시작 시 3G의 지원을 받습니다.","120","50","Support{3}","Dexterity","Shuriken","0
25-3-1034
2:1004
5:1021
8:1027
10:1034
12:1041
15:1034
18:1039
20:1034
23:1039","1004*3
1015*5
1008*2
1046*4"
"4004","주정뱅이","그저 돈이 많은 주정뱅이 재정신일 때가 없다.
적을 술병으로 타격한다.
+ 매 전투 시작 시 4G의 지원을 받습니다.
+ 레벨 업 시 술병이 추가됩니다.","110","80","Support{4}
AlcoholCurse{}","None","None","1019
20-5-1037
2:1030
5:1037
8:1022
10:1037
12:1022
15:1037
18:1032","1019*2
1037*4
1022*2
1030*1
1049*7"
